,probe,accuracy
0,Steltek_512,1.0
1,stephsphynx_512,0.833333333333
2,steviehs_512,0.333333333333
3,Susi_512,1.0
4,theduke_512,1.0
5,TheLinuxist_512,0.666666666667
6,thhoof_512,0.833333333333
7,thisss_512,0.5
8,Thomas_512,1.0
9,timobaumann_512,0.833333333333
10,tolleiv_512,0.5
11,UrbanCMC_512,0.833333333333
12,vfsh_512,0.333333333333
13,wasawasa_512,0.166666666667
14,wmwie_512,0.666666666667

Total:　0.7
